{
  "info": {
    "name": "SoleMate Mock API",
    "schema": "https://schema.getpostman.com/json/collection/v2.1.0/collection.json"
  },
  "item": [
    {
      "name": "Health",
      "request": {
        "method": "GET",
        "header": [],
        "url": {
          "raw": "http://localhost:4000/api/health",
          "protocol": "http",
          "host": [
            "localhost"
          ],
          "port": "4000",
          "path": [
            "api",
            "health"
          ]
        }
      }
    },
    {
      "name": "List Products",
      "request": {
        "method": "GET",
        "header": [],
        "url": {
          "raw": "http://localhost:4000/api/products",
          "protocol": "http",
          "host": [
            "localhost"
          ],
          "port": "4000",
          "path": [
            "api",
            "products"
          ]
        }
      }
    }
  ]
}